순번	장	장제목	장내번호	논점	PDF시작	PDF끝	책쪽
001	01	총칙	01	특허법 개정이력	16	17	2-3
002	01	총칙	02	특허법 목적 (법 제1조)	18	19	4-5
003	01	총칙	03	특허와 노하우 (Know-how)	20	20	6-6
004	01	총칙	04	특허에 관한 절차	21	31	7-17
005	02	특허요건	01	특허요건 일반	32	33	18-19
006	02	특허요건	02	발명의 정의 (법 제2조 제1호)	34	35	20-21
007	02	특허요건	03	발명의 완성	36	38	22-24
008	02	특허요건	04	산업상 이용가능성 (법 제29조 제1항 본문)	39	41	25-27
009	02	특허요건	05	신규성 (법 제29조 제1항 각호)	42	46	28-32
010	02	특허요건	06	발명의 동일성 판단방법	47	48	33-34
011	02	특허요건	07	진보성 (법 제29조 제2항)	49	54	35-40
012	02	특허요건	08	선출원주의 (법 제36조)	55	59	41-45
013	02	특허요건	09	확대된 선출원주의 (법 제29조 제3항)	60	61	46-47
014	02	특허요건	10	특허를 받을 수 없는 발명 (법 제32조)	62	63	48-49
015	02	특허요건	11	권리능력 (법 제25조)	64	64	50-50
016	02	특허요건	12	특허를 받을 수 있는 권리 (법 제33조 제1항)	65	69	51-55
017	02	특허요건	13	공동출원 (법 제44조)	70	71	56-57
018	02	특허요건	14	실시가능 요건 (법 제42조 제3항 제1호)	72	75	58-61
019	02	특허요건	15	배경기술 기재요건 (법 제42조 제3항 제2호)	76	78	62-64
020	02	특허요건	16	뒷받침 요건 (법 제42조 제4항 제1호)	79	80	65-66
021	02	특허요건	17	명확성 요건 (법 제42조 제4항 제2호)	81	83	67-69
022	02	특허요건	18	다항제 기재방법 (법 제42조 제8항)	84	86	70-72
023	02	특허요건	19	일특허출원의 범위 (법 제45조)	87	89	73-75
024	03	출원제도	01	특허출원 일반	90	92	76-78
025	03	출원제도	02	청구범위 유예제도 (법 제42조의2)	93	94	79-80
026	03	출원제도	03	외국어 특허출원제도 (법 제42조의3)	95	97	81-83
027	03	출원제도	04	공지예외주장 제도 (법 제30조)	98	101	84-87
028	03	출원제도	05	정당한 권리자의 보호	102	107	88-93
029	03	출원제도	06	보정제도 (법 제47조)	108	112	94-98
030	03	출원제도	07	보정각하 (법 제51조)	113	115	99-101
031	03	출원제도	08	분할출원 (법 제52조)	116	120	102-106
032	03	출원제도	09	분리출원 (법 제52조의2)	121	123	107-109
033	03	출원제도	10	변경출원 (법 제53조 및 실용신안법 제10조)	124	126	110-112
034	03	출원제도	11	조약우선권주장 제도 (법 제54조)	127	129	113-115
035	03	출원제도	12	국내우선권주장 제도 (법 제55조 및 제56조)	130	134	116-120
036	03	출원제도	13	심사제도 일반	135	139	121-125
037	03	출원제도	14	정보제공 (법 제63조의2)	140	140	126-126
038	03	출원제도	15	직권보정 제도 (법 제66조의2)	141	142	127-128
039	03	출원제도	16	직권재심사 제도 (법 제66조의3)	143	144	129-130
040	03	출원제도	17	재심사청구 제도 (법 제67조의2)	145	147	131-133
041	03	출원제도	18	출원공개제도 (법 제64조)	148	149	134-135
042	03	출원제도	19	보상금청구권 (법 제65조)	150	153	136-139
043	04	특허권 및 실시권	01	특허권 일반	154	156	140-142
044	04	특허권 및 실시권	02	특허료의 납부 등 (법 제79조)	157	160	143-146
045	04	특허권 및 실시권	03	특허권의 효력	161	162	147-148
046	04	특허권 및 실시권	04	존속기간 연장제도	163	175	149-161
047	04	특허권 및 실시권	05	실시권 일반	176	183	162-169
048	04	특허권 및 실시권	06	선사용권 (법 제103조)	184	186	170-172
049	04	특허권 및 실시권	07	중용권 (법 제104조)	187	188	173-174
050	04	특허권 및 실시권	08	재정에 의한 통상실시권 (법 제107조 등)	189	195	175-181
051	05	특허침해	01	침해에 대한 조치	196	197	182-183
052	05	특허침해	02	특허침해	198	203	184-189
053	05	특허침해	03	균등론	204	208	190-194
054	05	특허침해	04	간접침해 (법 제127조)	209	216	195-202
055	05	특허침해	05	이용관계 (법 제98조) - 이용침해	217	223	203-209
056	05	특허침해	06	기타 침해태양	224	225	210-211
057	05	특허침해	07	복수주체에 의한 특허침해	226	227	212-213
058	05	특허침해	08	특허권 하자에 근거한 항변	228	232	214-218
059	05	특허침해	09	자유실시기술의 항변	233	236	219-222
060	05	특허침해	10	의식적 제외의 항변	237	239	223-225
061	05	특허침해	11	특허권 효력이 미치지 않는 범위	240	241	226-227
062	05	특허침해	12	권리소진이론	242	246	228-232
063	05	특허침해	13	권리남용이론	247	252	233-238
064	05	특허침해	14	특허침해에 대한 조치	253	258	239-244
065	05	특허침해	15	특허침해에 따른 손해배상청구	259	268	245-254
066	05	특허침해	16	입증책임의 완화를 위한 규정	269	272	255-258
067	05	특허침해	17	특허법상 벌칙	273	279	259-265
068	06	특허법상 특유쟁점	01	의약용도발명	280	285	266-271
069	06	특허법상 특유쟁점	02	컴퓨터 프로그램 발명	286	288	272-274
070	06	특허법상 특유쟁점	03	영업방법발명 (BM발명)	289	291	275-277
071	06	특허법상 특유쟁점	04	미생물발명	292	294	278-280
072	06	특허법상 특유쟁점	05	동식물발명	295	295	281-281
073	06	특허법상 특유쟁점	06	선택발명	296	300	282-286
074	06	특허법상 특유쟁점	07	수치한정발명	301	304	287-290
075	06	특허법상 특유쟁점	08	파라미터발명	305	307	291-293
076	06	특허법상 특유쟁점	09	결정형 발명	308	309	294-295
077	06	특허법상 특유쟁점	10	발명의 카테고리	310	312	296-298
078	06	특허법상 특유쟁점	11	청구범위의 해석	313	316	299-302
079	06	특허법상 특유쟁점	12	제법한정청구항 (PBP 청구항)	317	318	303-304
080	06	특허법상 특유쟁점	13	기능식 청구항	319	322	305-308
081	06	특허법상 특유쟁점	14	젭슨 청구항	323	324	309-310
082	06	특허법상 특유쟁점	15	마쿠쉬 청구항	325	325	311-311
083	06	특허법상 특유쟁점	16	특허법상 공유	326	330	312-316
084	06	특허법상 특유쟁점	17	직무발명	331	337	317-323
085	06	특허법상 특유쟁점	18	국방상 필요한 발명	338	339	324-325
086	07	특허심판	01	심판제도 일반	340	344	326-330
087	07	특허심판	02	심판의 당사자	345	347	331-333
088	07	특허심판	03	참가제도	348	349	334-335
089	07	특허심판	04	제척·기피·회피	350	352	336-338
090	07	특허심판	05	본안심리	353	356	339-342
091	07	특허심판	06	일사부재리 (법 제163조)	357	363	343-349
092	07	특허심판	07	중복심판청구의 금지 (법 제154조 제8항)	364	366	350-352
093	07	특허심판	08	다른 심판 및 소송과의 관계	367	368	353-354
094	07	특허심판	09	특허취소신청 (법 제132조의2)	369	375	355-361
095	07	특허심판	10	거절결정불복심판 (법 제132조의17)	376	379	362-365
096	07	특허심판	11	특허무효심판 (법 제133조)	380	388	366-374
097	07	특허심판	12	권리범위확인심판 (법 제135조)	389	393	375-379
098	07	특허심판	13	확인대상발명의 특정	394	399	380-385
099	07	특허심판	14	확인의 이익	400	405	386-391
100	07	특허심판	15	등록권리자 권리범위확인심판	406	408	392-394
101	07	특허심판	16	정정심판 (법 제136조)	409	420	395-406
102	07	특허심판	17	특허의 정정 (법 제133조의2)	421	422	407-408
103	07	특허심판	18	정정무효심판 (법 제137조)	423	424	409-410
104	07	특허심판	19	재심 (법 제178조 등)	425	429	411-415
105	08	심결취소소송	01	심결취소소송 일반	430	431	416-417
106	08	심결취소소송	02	심결취소소송의 당사자	432	436	418-422
107	08	심결취소소송	03	심결취소소송의 제소기간	437	438	423-424
108	08	심결취소소송	04	심결취소소송의 소의 이익	439	442	425-428
109	08	심결취소소송	05	심결취소소송의 심리	443	451	429-437
110	08	심결취소소송	06	심결취소소송의 종료	452	455	438-441
111	09	특허협력조약에 의한 국제출원	01	특허협력조약(PCT) 일반	456	457	442-443
112	09	특허협력조약에 의한 국제출원	02	국제출원 절차	458	461	444-447
113	09	특허협력조약에 의한 국제출원	03	국제단계	462	465	448-451
114	09	특허협력조약에 의한 국제출원	04	국내단계 진입절차	466	470	452-456
115	09	특허협력조약에 의한 국제출원	05	국내단계에서의 특례규정	471	480	457-466
